{"graph": {"_type": "graph-file", "sha256": "6e565decda85bc26cea43b1adbf202cfc038579c444f82a9b580fca941dde27b", "size": 323, "path": "media/graph/graph_summary_6e565decda85bc26cea4.graph.json"}, "epoch": 99, "_timestamp": 1696781127.7656882, "d_loss_real": 0.5440405011177063, "d_loss_fake": 0.07906637340784073, "g_loss_raw": 1.9159986972808838, "_runtime": 1718.39457821846, "_step": 99, "_wandb": {"runtime": 1723}}