{"graph": {"_type": "graph-file", "sha256": "b6e81be9a56186dfa05f2feb58c80da8c7921211b23ac9434d34ab83cc1d2a52", "size": 323, "path": "media/graph/graph_summary_b6e81be9a56186dfa05f.graph.json"}, "epoch": 2999, "_timestamp": 1696885339.212683, "d_loss_real": 0.3821292519569397, "d_loss_fake": 0.029486902058124542, "g_loss_raw": 3.1458969116210938, "_runtime": 37024.32082104683, "_step": 2999, "_wandb": {"runtime": 37078}}