{"graph": {"_type": "graph-file", "sha256": "6e565decda85bc26cea43b1adbf202cfc038579c444f82a9b580fca941dde27b", "size": 323, "path": "media/graph/graph_summary_6e565decda85bc26cea4.graph.json"}, "epoch": 0, "_timestamp": 1696779337.596548, "d_loss_real": 0.740681529045105, "d_loss_fake": 0.6132334470748901, "g_loss_raw": 0.8192138671875, "_runtime": 16.966077089309692, "_step": 0, "_wandb": {"runtime": 20}}