{"graph": {"_type": "graph-file", "sha256": "6e565decda85bc26cea43b1adbf202cfc038579c444f82a9b580fca941dde27b", "size": 323, "path": "media/graph/graph_summary_6e565decda85bc26cea4.graph.json"}, "epoch": 999, "_timestamp": 1696832143.3559191, "d_loss_real": 0.634323000907898, "d_loss_fake": 0.2736116349697113, "g_loss_raw": 1.3165751695632935, "_runtime": 50418.735859155655, "_step": 999, "_wandb": {"runtime": 51491}}