{"graph": {"_type": "graph-file", "sha256": "6e565decda85bc26cea43b1adbf202cfc038579c444f82a9b580fca941dde27b", "size": 323, "path": "media/graph/graph_summary_6e565decda85bc26cea4.graph.json"}, "epoch": 0, "_timestamp": 1696778759.863793, "d_loss_real": 0.6757606863975525, "d_loss_fake": 0.6138016581535339, "g_loss_raw": 0.893373429775238, "_runtime": 27.299064874649048, "_step": 0, "_wandb": {"runtime": 29}}