{"graph": {"_type": "graph-file", "sha256": "6e565decda85bc26cea43b1adbf202cfc038579c444f82a9b580fca941dde27b", "size": 323, "path": "media/graph/graph_summary_6e565decda85bc26cea4.graph.json"}, "epoch": 0, "_timestamp": 1696778490.747034, "d_loss_real": 0.6513899564743042, "d_loss_fake": 0.44596555829048157, "g_loss_raw": 1.1815707683563232, "_runtime": 91.61674809455872, "_step": 0, "_wandb": {"runtime": 93}}