{"graph": {"_type": "graph-file", "sha256": "6e565decda85bc26cea43b1adbf202cfc038579c444f82a9b580fca941dde27b", "size": 323, "path": "media/graph/graph_summary_6e565decda85bc26cea4.graph.json"}, "epoch": 0, "_timestamp": 1696779273.6441898, "d_loss_real": 0.7293710112571716, "d_loss_fake": 0.6317599415779114, "g_loss_raw": 0.7817969918251038, "_runtime": 4.989348888397217, "_step": 0}